code,name
'252670,KODEX 200선물인버스2X
'122630,KODEX 레버리지
'096530,씨젠
'005930,삼성전자
'091990,셀트리온헬스케어
'069500,KODEX 200
'261220,KODEX WTI원유선물(H)
'000660,SK하이닉스
'032850,비트컴퓨터
'065450,빅텍
'530036,삼성 인버스 2X WTI원유 선물 ETN
'207940,삼성바이오로직스
'251340,KODEX 코스닥150선물인버스
'114800,KODEX 인버스
'180640,한진칼
'005380,현대차
'233740,KODEX 코스닥150 레버리지
'066700,테라젠이텍스
'005690,파미셀
'068270,셀트리온
'064350,현대로템
'025980,아난티
'006400,삼성SDI
'069620,대웅제약
'078130,국일제지
'019170,신풍제약
'253840,수젠텍
'000020,동화약품
'245620,EDGC
'051910,LG화학
'008600,윌비스
'015760,한국전력
'035720,카카오
'206640,바디텍메드
'278650,노터스
'035420,NAVER
'020560,아시아나항공
'011000,진원생명과학
'003000,부광약품
'009150,삼성전기
'130680,TIGER 원유선물Enhanced(H)
'059090,미코
'900250,크리스탈신소재
'079940,가비아
'051900,LG생활건강
'017670,SK텔레콤
'271050,KODEX WTI원유선물인버스(H)
'036570,엔씨소프트
'008350,남선알미늄
'086900,메디톡스
'053980,오상자이엘
'500019,신한 레버리지 WTI원유 선물 ETN(H)
'097230,한진중공업
'500027,신한 인버스 2X WTI원유 선물 ETN(H)
'198440,고려시멘트
'005490,POSCO
'068760,셀트리온제약
'005935,삼성전자우
'013810,스페코
'012330,현대모비스
'096770,SK이노베이션
'071200,인피니트헬스케어
'000270,기아차
'092040,아미코젠
'065170,넥스트BT
'026890,디피씨
'003410,쌍용양회
'044960,이글벳
'036540,SFA반도체
'043910,자연과환경
'097780,에스맥
'052670,제일바이오
'131370,알서포트
'000720,현대건설
'061250,화일약품
'032500,케이엠더블유
'105560,KB금융
'102940,코오롱생명과학
'007390,네이처셀
'026150,특수건설
'108230,톱텍
'028300,에이치엘비
'004980,성신양회
'034730,SK
'046940,우원개발
'003090,대웅
'229200,KODEX 코스닥 150
'033230,인성정보
'003480,한진중공업홀딩스
'084650,랩지노믹스
'028260,삼성물산
'032640,LG유플러스
'003490,대한항공
'010950,S-Oil
'000210,대림산업
'001060,JW중외제약
'215600,신라젠
'008770,호텔신라
'004170,신세계
'122260,KOSEF 통안채1년
'031510,오스템
'009540,한국조선해양
'001260,남광토건
'336370,두산솔루스
'032620,유비케어
'055550,신한지주
'086790,하나금융지주
'017890,한국알콜
'001840,이화공영
'033780,KT&G
'066570,LG전자
'200780,비씨월드제약
'037950,엘컴텍
'090430,아모레퍼시픽
'272560,KBSTAR 단기국공채액티브
'017800,현대엘리베이
'000990,DB하이텍
'012690,모나리자
'032680,소프트센
'030200,KT
'011170,롯데케미칼
'047810,한국항공우주
'006390,한일현대시멘트
'263690,디알젬
'028100,동아지질
'205470,휴마시스
'011070,LG이노텍
'102110,TIGER 200
'253450,스튜디오드래곤
'084990,헬릭스미스
'095700,제넥신
'157450,TIGER 단기통안채
'252710,TIGER 200선물인버스2X
'088980,맥쿼리인프라
'023900,풍국주정
'041920,메디아나
'065950,웰크론
'230240,에치에프알
'200230,텔콘RF제약
'010140,삼성중공업
'012450,한화에어로스페이스
'038500,삼표시멘트
'064550,바이오니아
'034220,LG디스플레이
'032830,삼성생명
'018260,삼성에스디에스
'045390,대아티아이
'263700,케어랩스
'011790,SKC
'024110,기업은행
'080720,한국유니온제약
'039860,나노엔텍
'094940,푸른기술
'267850,아시아나IDT
'294140,레몬
'009730,코센
'078590,두올산업
'242040,나무기술
'020150,일진머티리얼즈
'290650,엘앤씨바이오
'247540,에코프로비엠
'011390,부산산업
'237690,에스티팜
'268600,셀리버리
'139260,TIGER 200 IT
'090350,노루페인트
'007110,일신석재
'019590,엠벤처투자
'251270,넷마블
'289080,SV인베스트먼트
'091590,남화토건
'000810,삼성화재
'034020,두산중공업
'033640,네패스
'196170,알테오젠
'028050,삼성엔지니어링
'241820,피씨엘
'258610,이더블유케이
'035250,강원랜드
'048530,인트론바이오
'073490,이노와이어리스
'139480,이마트
'271560,오리온
'235980,메드팩토
'214870,뉴지랩
'218410,RFHIC
'192650,드림텍
'004020,현대제철
'006650,대한유화
'041960,코미팜
'002320,한진
'006360,GS건설
'083550,케이엠
'260660,알리코제약
'041190,우리기술투자
'058110,멕아이씨에스
'278530,KODEX 200TR
'003670,포스코케미칼
'031430,신세계인터내셔날
'148020,KBSTAR 200
'009830,한화솔루션
'303030,지니틱스
'067160,아프리카TV
'316140,우리금융지주
'082270,젬백스
'010960,삼호개발
'102710,이엔에프테크놀로지
'183490,엔지켐생명과학
'012280,영화금속
'040910,아이씨디
'054780,키이스트
'084850,아이티엠반도체
'083790,크리스탈
'006280,녹십자
'279530,KODEX 고배당
'086280,현대글로비스
'019175,신풍제약우
'010820,퍼스텍
'285130,SK케미칼
'034230,파라다이스
'000100,유한양행
'024740,한일단조
'241560,두산밥캣
'010130,고려아연
'011320,유니크
'009420,한올바이오파마
'078930,GS
'035610,솔본
'017180,명문제약
'003550,LG
'097950,CJ제일제당
'060590,씨티씨바이오
'047820,초록뱀
'023410,유진기업
'018290,브이티지엠피
'046440,KG모빌리언스
'065530,전파기지국
'003060,에이프로젠제약
'010170,대한광통신
'069460,대호에이엘
'204320,만도
'013700,까뮤이앤씨
'228850,레이언스
'246690,TS인베스트먼트
'294870,HDC현대산업개발
'950130,엑세스바이오
'011150,CJ씨푸드
'033180,필룩스
'010660,화천기계
'267250,현대중공업지주
'103140,풍산
'298380,에이비엘바이오
'002720,국제약품
'006800,미래에셋대우
'016360,삼성증권
'007370,진양제약
'115450,지트리비앤티
'204270,제이앤티씨
'001740,SK네트웍스
'042670,두산인프라코어
'036460,한국가스공사
'035760,CJ ENM
'005830,DB손해보험
'293780,압타바이오
'023530,롯데쇼핑
'021240,코웨이
'005110,한창
'025320,시노펙스
'272210,한화시스템
'200710,에이디테크놀로지
'222080,씨아이에스
'064260,다날
'068330,일신바이오
'030000,제일기획
'036170,라이브파이낸셜
'088350,한화생명
'051160,지어소프트
'000120,CJ대한통운
'012510,더존비즈온
'140410,메지온
'192080,더블유게임즈
'115480,씨유메디칼
'236200,슈프리마
'092190,서울바이오시스
'067630,에이치엘비생명과학
'137940,넥스트아이
'081660,휠라홀딩스
'005290,동진쎄미켐
'032800,판타지오
'000080,하이트진로
'050890,쏠리드
'033340,좋은사람들
'225530,보광산업
'106240,파인테크닉스
'071050,한국금융지주
'141080,레고켐바이오
'128940,한미약품
'187420,제노포커스
'097520,엠씨넥스
'298690,에어부산
'011780,금호석유
'101490,에스앤에스텍
'088800,에이스테크
'001450,현대해상
'300720,한일시멘트
'052260,SK바이오랜드
'000250,삼천당제약
'145020,휴젤
'215790,이노인스트루먼트
'005940,NH투자증권
'085660,차바이오텍
'214430,아이쓰리시스템
'005385,현대차우
'500005,신한 인버스 브렌트원유 선물 ETN(H)
'078340,컴투스
'007660,이수페타시스
'241520,DSC인베스트먼트
'240810,원익IPS
'183190,아세아시멘트
'036830,솔브레인
'018880,한온시스템
'148150,세경하이테크
'078070,유비쿼스홀딩스
'024060,흥구석유
'232080,TIGER 코스닥150
'066590,우수AMS
'152100,ARIRANG 200
'060250,NHN한국사이버결제
'263750,펄어비스
'002790,아모레G
'052020,에스티큐브
'084680,이월드
'123040,엠에스오토텍
'214680,디알텍
'007570,일양약품
'038290,마크로젠
'007700,F&F
'178920,SKC코오롱PI
'305090,마이크로디지탈
'010620,현대미포조선
'041930,동아화성
'062970,피피아이
'033540,파라텍
'228760,지노믹트리
'090460,비에이치
'222800,심텍
'089590,제주항공
'002410,범양건영
'087010,펩트론
'039030,이오테크닉스
'086390,유니테스트
'060720,KH바텍
'267770,TIGER 200선물레버리지
'009320,대우부품
'161390,한국타이어앤테크놀로지
'144510,녹십자랩셀
'137400,피엔티
'329200,TIGER 부동산인프라고배당
'120110,코오롱인더
'086450,동국제약
'100120,뷰웍스
'005870,휴니드
'070300,엑스큐어
'017960,한국카본
'105190,KINDEX 200
'215380,우정바이오
'004370,농심
'138080,오이솔루션
'002100,경농
'053950,경남제약
'226330,신테카바이오
'001820,삼화콘덴서
'191410,육일씨엔에쓰
'138930,BNK금융지주
'125210,아모그린텍
'042660,대우조선해양
'009240,한샘
'047310,파워로직스
'060370,KT서브마린
'009460,한창제지
'058820,CMG제약
'330590,롯데리츠
'000880,한화
'002380,KCC
'045060,오공
'178320,서진시스템
'131390,피앤이솔루션
'187870,디바이스이엔지
'069960,현대백화점
'074600,원익QnC
'058530,슈펙스비앤피
'299900,위지윅스튜디오
'267320,나인테크
'099350,하나니켈2호
'035620,바른손이앤에이
'336260,두산퓨얼셀
'194700,노바렉스
'151860,KG ETS
'002150,도화엔지니어링
'046890,서울반도체
'143850,TIGER 미국S&P500선물(H)
'122870,와이지엔터테인먼트
'079650,서산
'096630,에스코넥
'053030,바이넥스
'079550,LIG넥스원
'004430,송원산업
'035600,KG이니시스
'027830,대성창투
'192820,코스맥스
'174900,앱클론
'041510,에스엠
'001040,CJ
'109820,진매트릭스
'067570,엔브이에이치코리아
'250780,TIGER 코스닥150선물인버스
'025560,미래산업
'047040,대우건설
'011210,현대위아
'035900,JYP Ent.
'058400,KNN
'003520,영진약품
'003620,쌍용차
'058450,일야
'321550,티움바이오
'030520,한글과컴퓨터
'213420,덕산네오룩스
'252420,KBSTAR 200선물인버스2X
'011200,HMM
'023150,MH에탄올
'142760,바이오리더스
'036420,제이콘텐트리
'089030,테크윙
'007460,에이프로젠 KIC
'039490,키움증권
'216080,제테마
'004650,창해에탄올
'098460,고영
'033270,유나이티드제약
'042510,라온시큐어
'051915,LG화학우
'108320,실리콘웍스
'123690,한국화장품
'131970,테스나
'008560,메리츠증권
'004990,롯데지주
'074610,나노메딕스
'010060,OCI
'013890,지누스
'123320,TIGER 레버리지
'065660,안트로젠
'010600,웰바이오텍
'233160,TIGER 코스닥150 레버리지
'048550,SM C&C
'091810,티웨이항공
'207760,미스터블루
'038070,서린바이오
'004140,동방
'181710,NHN
'263050,유틸렉스
'214320,이노션
'001360,삼성제약
'099750,이지케어텍
'003230,삼양식품
'095660,네오위즈
'068240,다원시스
'319660,피에스케이
'142280,녹십자엠에스
'054940,엑사이엔씨
'057030,YBM넷
'215200,메가스터디교육
'053800,안랩
'009410,태영건설
'004770,써니전자
'033250,체시스
'282880,코윈테크
'161890,한국콜마
'069080,웹젠
'031390,녹십자셀
'058470,리노공업
'086520,에코프로
'005387,현대차2우B
'012750,에스원
'050110,캠시스
'079160,CJ CGV
'214180,민앤지
'130730,KOSEF 단기자금
'095610,테스
'007070,GS리테일
'000885,한화우
'008060,대덕전자
'272450,진에어
'091700,파트론
'038540,상상인
'089010,켐트로닉스
'048410,현대바이오
'044340,위닉스
'308170,센트랄모텍
'086040,바이오톡스텍
'217730,강스템바이오텍
'006060,화승인더
'083930,아바코
'021050,서원
'132030,KODEX 골드선물(H)
'061970,엘비세미콘
'219390,KBSTAR 미국S&P원유생산기업(합성 H)
'065680,우주일렉트로
'000910,유니온
'017550,수산중공업
'099340,하나니켈1호
'065130,탑엔지니어링
'009270,신원
'203690,프로스테믹스
'133750,메가엠디
'047050,포스코인터내셔널
'014990,인디에프
'293580,나우IB
'006260,LS
'045520,크린앤사이언스
'028670,팬오션
'048910,대원미디어
'084370,유진테크
'179900,유티아이
'084110,휴온스글로벌
'007980,태평양물산
'042940,상지카일룸
'090355,노루페인트우
'243070,휴온스
'122310,제노레이
'005950,이수화학
'039200,오스코텍
'081000,일진다이아
'060150,인선이엔티
'029780,삼성카드
'008490,서흥
'270870,뉴트리
'054930,유신
'001390,KG케미칼
'051905,LG생활건강우
'014680,한솔케미칼
'255220,SG
'093370,후성
'126700,하이비젼시스템
'027050,코리아나
'121800,비덴트
'043200,파루
'253160,ARIRANG 200선물인버스2X
'003580,넥스트사이언스
'014790,한라
'208370,셀바스헬스케어
'238120,로고스바이오
'201490,미투온
'293180,HANARO 200
'114090,GKL
'004985,성신양회우
'017510,세명전기
'039610,화성밸브
'200670,휴메딕스
'004800,효성
'051600,한전KPS
'000150,두산
'045660,에이텍
'322000,현대에너지솔루션
'006050,국영지앤엠
'060560,홈센타홀딩스
'005430,한국공항
'198080,엔피디
'006920,모헨즈
'123310,TIGER 인버스
'068290,삼성출판사
'115570,스타플렉스
'036490,SK머티리얼즈
'029960,코엔텍
'067990,도이치모터스
'095190,이엠코리아
'302550,리메드
'520009,미래에셋 레버리지 원유선물혼합 ETN(H)
'265520,AP시스템
'013000,세우글로벌
'066910,손오공
'099410,동방선기
'234340,세틀뱅크
'278280,천보
'082800,루미마이크로
'066970,엘앤에프
'052420,오성첨단소재
'290720,푸드나무
'18064K,한진칼우
'239610,에이치엘사이언스
'033500,동성화인텍
'093320,케이아이엔엑스
'072470,우리산업홀딩스
'004920,씨아이테크
'228670,레이
'192090,TIGER 차이나CSI300
'001520,동양
'003850,보령제약
'243840,신흥에스이씨
'102120,어보브반도체
'289010,아이스크림에듀
'006120,SK디스커버리
'040300,YTN
'272290,이녹스첨단소재
'005070,코스모신소재
'001120,LG상사
'344820,케이씨씨글라스
'241590,화승엔터프라이즈
'027740,마니커
'060230,이그잭스
'056190,에스에프에이
'203650,드림시큐리티
'119860,다나와
'000890,보해양조
'166090,하나머티리얼즈
'099320,쎄트렉아이
'002210,동성제약
'088290,이원컴포텍
'078150,HB테크놀러지
'064290,인텍플러스
'099220,SDN
'185750,종근당
'003350,한국화장품제조
'001470,삼부토건
'010120,LS ELECTRIC
'133690,TIGER 미국나스닥100
'100590,머큐리
'100660,서암기계공업
'127120,디엔에이링크
'004000,롯데정밀화학
'230360,에코마케팅
'003010,혜인
'028150,GS홈쇼핑
'005300,롯데칠성
'021320,KCC건설
'104480,티케이케미칼
'261250,KODEX 미국달러선물레버리지
'200130,콜마비앤에이치
'061040,알에프텍
'267270,현대건설기계
'126880,제이엔케이히터
'500015,신한 WTI원유 선물 ETN(H)
'021880,메이슨캐피탈
'067000,조이시티
'048260,오스템임플란트
'144600,KODEX 은선물(H)
'027360,아주IB투자
'039560,다산네트웍스
'237880,클리오
'005420,코스모화학
'068940,아이씨케이
'001680,대상
'006980,우성사료
'139130,DGB금융지주
'300120,라온피플
'014160,대영포장
'118990,모트렉스
'087260,모바일어플라이언스
'004870,티웨이홀딩스
'002020,코오롱
'500032,신한 인버스 2X 천연가스 선물 ETN(H)
'009450,경동나비엔
'064760,티씨케이
'007680,대원
'039440,에스티아이
'037270,YG PLUS
'119500,포메탈
'001630,종근당홀딩스
'067900,와이엔텍
'054620,APS홀딩스
'282330,BGF리테일
'042000,카페24
'006405,삼성SDI우
'083500,에프엔에스테크
'305540,TIGER 2차전지테마
'008930,한미사이언스
'039130,하나투어
'214150,클래시스
'143240,사람인에이치알
'256940,케이피에스
'026940,부국철강
'290380,대유
'012630,HDC
'122990,와이솔
'016380,KG동부제철
'215360,우리산업
'002990,금호산업
'111710,남화산업
'036120,SCI평가정보
'225430,케이엠제약
'001550,조비
'078160,메디포스트
'001340,백광산업
'012610,경인양행
'069260,휴켐스
'005320,국동
'008970,동양철관
'520011,미래에셋 인버스 원유선물혼합 ETN(H)
'278540,KODEX MSCI Korea TR
'530038,삼성 인버스 2X 천연가스 선물 ETN
'086060,진바이오텍
'053590,한국테크놀로지
'214450,파마리서치프로덕트
'136480,하림
'500029,신한 레버리지 은 선물 ETN(H)
'001800,오리온홀딩스
'214310,세미콘라이트
'550043,QV 인버스 레버리지 WTI원유 선물 ETN(H)
'067170,오텍
'078600,대주전자재료
'290510,코리아센터
'306040,에스제이그룹
'161580,필옵틱스
'226950,올릭스
'298000,효성화학
'214420,토니모리
'090080,평화산업
'094360,칩스앤미디어
'008730,율촌화학
'042520,한스바이오메드
'115180,큐리언트
'067390,아스트
'039840,디오
'185490,아이진
'032350,롯데관광개발
'086820,바이오솔루션
'083450,GST
'131760,파인텍
'006620,동구바이오제약
'031820,콤텍시스템
'124500,아이티센
'189300,인텔리안테크
'004540,깨끗한나라
'004410,서울식품
'060900,케이알피앤이
'005860,한일사료
'101400,엔시트론
'090435,아모레퍼시픽우
'086250,이노와이즈
'150840,인트로메딕
'003690,코리안리
'000060,메리츠화재
'112040,위메이드
'005880,대한해운
'011760,현대상사
'042500,링네트
'014570,고려제약
'216050,인크로스
'024810,이화전기
'500031,신한 레버리지 천연가스 선물 ETN(H)
'264450,유비쿼스
'025860,남해화학
'143860,TIGER 헬스케어
'111770,영원무역
'080160,모두투어
'056360,코위버
'018700,바른손
'007310,오뚜기
'002700,신일전자
'256840,한국비엔씨
'204480,TIGER 차이나CSI300레버리지(합성)
'030190,NICE평가정보
'500004,신한 브렌트원유 선물 ETN(H)
'263720,디앤씨미디어
'142210,유니트론텍
'000390,삼화페인트
'005180,빙그레
'025870,신라에스지
'067010,이씨에스
'071840,롯데하이마트
'256150,한독크린텍
'182400,엔케이맥스
'208340,파멥신
'018680,서울제약
'299660,셀리드
'041910,에스텍파마
'052710,아모텍
'206650,유바이오로직스
'043340,에쎈테크
'33637L,두산솔루스2우B
'274090,켄코아에어로스페이스
'072020,중앙백신
'042370,비츠로테크
'192440,슈피겐코리아
'224060,코디엠
'067290,JW신약
'041830,인바디
'225040,TIGER 미국S&P500레버리지(합성 H)
'081150,티플랙스
'007810,코리아써키트
'020000,한섬
'036200,유니셈
'005440,현대그린푸드
'024720,한국콜마홀딩스
'030530,원익홀딩스
'267980,매일유업
'063440,SM Life Design
'002350,넥센타이어
'064820,케이프
'094280,효성ITX
'067310,하나마이크론
'073240,금호타이어
'118000,우리들휴브레인
'33637K,두산솔루스1우
'115390,락앤락
'018250,애경산업
'290660,네오펙트
'033050,제이엠아이
'089980,상아프론테크
'023590,다우기술
'154030,아시아종묘
'079430,현대리바트
'095720,웅진씽크빅
'002800,신신제약
'530065,삼성 S&P500 VIX S/T 선물 ETN(H) B
'570023,TRUE 인버스 2X S&P500 선물 ETN(H)
'100700,세운메디칼
'025440,대성엘텍
'267260,현대일렉트릭
'121600,나노신소재
'005250,녹십자홀딩스
'016250,이테크건설
'166480,코아스템
'530037,삼성 레버리지 천연가스 선물 ETN
'015540,쎌마테라퓨틱스
'057880,필로시스헬스케어
'101160,월덱스
'148140,비디아이
'073560,우리손에프앤지
'057050,현대홈쇼핑
'273130,KODEX 종합채권(AA-이상)액티브
'014970,삼륭물산
'066980,브레인콘텐츠
'000815,삼성화재우
'288620,에스퓨얼셀
'038870,에코바이오
'182360,큐브엔터
'016670,포비스티앤씨
'204630,화이브라더스코리아
'005850,에스엘
'298050,효성첨단소재
'195870,해성디에스
'206560,덱스터
'092730,네오팜
'170790,파이오링크
'073070,에스모
'000670,영풍
'035890,서희건설
'114450,KPX생명과학
'190650,코리아에셋투자증권
'070960,용평리조트
'140860,파크시스템스
'005360,모나미
'014580,태경비케이
'006490,인스코비
'009520,포스코엠텍
'053580,웹케시
'530055,삼성 레버리지 금 선물 ETN(H)
'001440,대한전선
'032685,소프트센우
'117670,알파홀딩스
'022100,포스코 ICT
'036800,나이스정보통신
'078520,에이블씨엔씨
'038680,에스넷
'200470,에이팩트
'195500,마니커에프앤지
'043220,에이치엘비파워
'018620,우진비앤지
'175250,아이큐어
'244460,올리패스
'025540,한국단자
'077500,유니퀘스트
'001510,SK증권
'050860,아세아텍
'500028,신한 인버스 2X 다우존스지수 선물 ETN(H)
'130500,GH신소재
'064960,S&T모티브
'213500,한솔제지
'067080,대화제약
'018670,SK가스
'272550,삼양패키징
'334690,KBSTAR 팔라듐선물(H)
'036630,세종텔레콤
'103840,우양
'318010,팜스빌
'00680K,미래에셋대우2우B
'054670,대한뉴팜
'170900,동아에스티
'102280,쌍방울
'052460,아이크래프트
'072520,제넨바이오
'205100,엑셈
'088260,이리츠코크렙
'011280,태림포장
'095340,ISC
'003560,IHQ
'066430,와이오엠
'048470,대동스틸
'215100,로보로보
'238090,앤디포스
'093050,LF
'033100,제룡전기
'036810,에프에스티
'049950,미래컴퍼니
'051370,인터플렉스
'003240,태광산업
'120240,대정화금
'021080,에이티넘인베스트
'035150,백산
'006840,AK홀딩스
'060260,뉴보텍
'237820,플레이디
'570044,TRUE 인버스 2X 나스닥 100 ETN
'083310,엘오티베큠
'010780,아이에스동서
'039830,오로라
'307950,현대오토에버
'057540,옴니시스템
'046970,우리로
'195990,에이비프로바이오
'046120,오르비텍
'217270,넵튠
'063160,종근당바이오
'038530,골드퍼시픽
'530013,삼성 KTOP30 ETN
'145720,덴티움
'217780,TIGER 차이나CSI300인버스(합성)
'298040,효성중공업
'040350,큐로컴
'017810,풀무원
'031860,엔에스엔
'108670,LG하우시스
'314250,KODEX 미국FANG플러스(H)
'136540,윈스
'337120,KODEX Fn멀티팩터
'131090,시큐브
'112610,씨에스윈드
'036930,주성엔지니어링
'004720,우리들제약
'049480,오픈베이스
'035810,이지바이오
'072130,유엔젤
'317330,덕산테코피아
'097800,윈팩
'230980,솔트웍스
'153130,KODEX 단기채권
'065060,지엔코
'148070,KOSEF 국고채10년
'155650,와이엠씨
'500045,신한 S&P500 VIX S/T 선물 ETN B
'217770,TIGER 원유선물인버스(H)
'305720,KODEX 2차전지산업
'009155,삼성전기우
'072770,율호
'251350,KODEX 선진국MSCI World
'190510,나무가
'170030,현대공업
'243880,TIGER 200IT레버리지
'500037,신한 레버리지 금 선물 ETN
'302430,이노메트리
'082920,비츠로셀
'002900,동양물산
'900140,엘브이엠씨홀딩스
'005500,삼진제약
'017040,광명전기
'001430,세아베스틸
'214270,퓨쳐스트림네트웍스
'091580,상신이디피
'317120,라닉스
'570043,TRUE 레버리지 나스닥 100 ETN
'026960,동서
'232140,와이아이케이
'004310,현대약품
'013360,일성건설
'073110,엘엠에스
'020180,대신정보통신
'052690,한전기술
'027410,BGF
'058730,다스코
'004835,덕성우
'033830,티비씨
'089600,나스미디어
'004090,한국석유
'151910,나노스
'012700,리드코프
'042700,한미반도체
'014530,극동유화
'253230,KOSEF 200선물인버스2X
'03473K,SK우
'034120,SBS
'281820,케이씨텍
'293940,신한알파리츠
'295000,KBSTAR 국채선물10년
'510001,대신 WTI원유 선물 ETN(H)
'012160,영흥
'056000,네스엠
'009290,광동제약
'288330,브릿지바이오테라퓨틱스
'241840,에이스토리
'031310,아이즈비전
'226490,KODEX 코스피
'033290,코웰패션
'127160,매직마이크로
'091340,S&K폴리텍
'196490,디에이테크놀로지
'044480,경남바이오파마
'311690,천랩
'520010,미래에셋 원유선물혼합 ETN(H)
'294630,서남
'007210,벽산
'007820,에스엠코어
'104830,원익머트리얼즈
'071055,한국금융지주우
'058630,엠게임
'900300,오가닉티코스메틱
'001230,동국제강
'094800,맵스리얼티1
'000050,경방
'034830,한국토지신탁
'286940,롯데정보통신
'002360,SH에너지화학
'002070,남영비비안
'004710,한솔테크닉스
'157490,TIGER 소프트웨어
'066575,LG전자우
'023160,태광
'025620,제이준코스메틱
'005390,신성통상
'000070,삼양홀딩스
'253150,ARIRANG 200선물레버리지
'084180,수성
'071280,로체시스템즈
'257370,명성티엔에스
'317850,대모
'266420,KODEX 헬스케어
'047920,메디포럼제약
'010040,한국내화
'053110,소리바다
'137950,제이씨케미칼
'215480,토박스코리아
'246710,티앤알바이오팹
'003415,쌍용양회우
'099190,아이센스
'234690,녹십자웰빙
'308100,까스텔바작
'041140,넥슨지티
'500020,신한 레버리지 다우존스지수 선물 ETN(H)
'090710,휴림로봇
'123010,아이에이네트웍스
'000220,유유제약
'082210,옵트론텍
'177830,파버나인
'066310,큐에스아이
'043150,바텍
'003380,하림지주
'290670,대보마그네틱
'900340,윙입푸드
'530061,삼성 레버리지 은 선물 ETN(H)
'065370,위세아이텍
'009190,대양금속
'261240,KODEX 미국달러선물
'263600,덕우전자
'105630,한세실업
'126560,현대에이치씨엔
'152500,KINDEX 레버리지
'047400,유니온머티리얼
'079960,동양이엔피
'037070,파세코
'017650,대림제지
'217820,엔에스
'051500,CJ프레시웨이
'115440,우리넷
'009620,삼보산업
'063080,게임빌
'304940,KODEX 미국나스닥100선물(H)
'003540,대신증권
'263920,블러썸엠앤씨
'000155,두산우
'054050,농우바이오
'094170,동운아나텍
'036030,KTH
'015750,성우하이텍
'091160,KODEX 반도체
'032820,우리기술
'065440,이루온
'093230,이아이디
'053210,스카이라이프
'009470,삼화전기
'054450,텔레칩스
'099440,스맥
'068930,디지털대성
'259630,엠플러스
'210980,SK디앤디
'013990,아가방컴퍼니
'298020,효성티앤씨
'138610,나이벡
'030610,교보증권
'019210,와이지-원
'036690,코맥스
'115960,연우
'090740,연이정보통신
'012790,신일제약
'144960,뉴파워프라즈마
'239340,줌인터넷
'174880,장원테크
'091120,이엠텍
'100790,미래에셋벤처투자
'049770,동원F&B
'00104K,CJ4우(전환)
'016740,두올
'004910,조광페인트
'160550,NEW
'091970,나노캠텍
'091440,텔레필드
'322510,제이엘케이
'238490,힘스
'039980,리노스
'900270,헝셩그룹
'214260,라파스
'037460,삼지전자
'318000,한국바이오젠
'002310,아세아제지
'005610,SPC삼립
'293480,하나제약
'280360,롯데제과
'036640,HRS
'091090,세원셀론텍
'002140,고려산업
'123860,아나패스
'057500,SKC 솔믹스
'008290,원풍물산
'034940,조아제약
'000440,중앙에너비스
'111870,삼본전자
'123890,한국자산신탁
'050120,라이브플렉스
'002630,오리엔트바이오
'900260,로스웰
'055490,테이팩스
'205720,KINDEX 일본TOPIX인버스(합성 H)
'224110,에이텍티앤
'310970,TIGER MSCI Korea TR
'083640,인콘
'001500,현대차증권
'119610,인터로조
'031330,에스에이엠티
'003720,삼영화학
'030790,티탑스
'101140,비티원
'003470,유안타증권
'012800,대창
'003530,한화투자증권
'004490,세방전지
'086890,이수앱지스
'251370,와이엠티
'025550,한국선재
'250060,모비스
'229640,LS전선아시아
'060980,한라홀딩스
'003070,코오롱글로벌
'090410,덕신하우징
'037560,LG헬로비전
'004270,남성
'019680,대교
'036480,대성미생물
'000640,동아쏘시오홀딩스
'034300,신세계건설
'096760,JW홀딩스
'082740,HSD엔진
'009580,무림P&P
'016790,현대사료
'052860,아이앤씨
'066130,하츠
'054180,중앙오션
'089150,케이씨티
'008040,사조동아원
'007610,선도전기
'051380,피씨디렉트
'215090,이디티
'000860,강남제비스코
'123420,선데이토즈
'010100,한국프랜지
'096775,SK이노베이션우
'219480,KODEX 미국S&P500선물(H)
'105740,디케이락
'080220,제주반도체
'003495,대한항공우
'183300,코미코
'000970,한국주철관
'109610,에스와이
'045970,코아시아
'090360,로보스타
'011500,한농화성
'034950,한국기업평가
'220180,핸디소프트
'086980,쇼박스
'122640,예스티
'032860,글로스퍼랩스
'063570,한국전자금융
'046390,삼화네트웍스
'234080,JW생명과학
'033130,디지틀조선
'034310,NICE
'000240,한국테크놀로지그룹
'219420,링크제니시스
'016590,신대양제지
'016600,큐캐피탈
'048430,유라테크
'012860,모베이스전자
'215000,골프존
'005389,현대차3우B
'094860,코닉글로리
'138490,코오롱플라스틱
'143160,아이디스
'143540,영우디에스피
'006380,카프로
'175330,JB금융지주
'510007,대신 2X 니켈선물 ETN(H)
'079980,휴비스
'011090,에넥스
'012340,뉴인텍
'010955,S-Oil우
'025900,동화기업
'037330,인지디스플레
'004960,한신공영
'086960,한컴MDS
'006730,서부T&D
'003160,디아이
'145990,삼양사
'264660,씨앤지하이테크
'900290,GRT
'241710,코스메카코리아
'002620,제일파마홀딩스
'307930,컴퍼니케이
'045890,GV
'102780,KODEX 삼성그룹
'002390,한독
'159580,제로투세븐
'021650,한국큐빅
'119850,지엔씨에너지
'106520,디지탈옵틱
'060570,드림어스컴퍼니
'500054,신한 인버스 2X 천연가스 선물 ETN
'071460,위니아딤채
'255440,야스
'105840,우진
'312610,에이에프더블류
'006910,보성파워텍
'179290,엠아이텍
'039340,한국경제TV
'085370,루트로닉
'192250,케이사인
'072870,메가스터디
'036890,진성티이씨
'078890,가온미디어
'035460,기산텔레콤
'069140,누리플랜
'060540,에스에이티
'096690,에이루트
'037030,파워넷
'054300,팬스타엔터프라이즈
'023800,인지컨트롤스
'002270,롯데푸드
'029460,케이씨
'060480,국일신동
'301410,ARIRANG 코스닥150선물인버스
'227950,마이크로텍
'152330,코리아오토글라스
'033160,엠케이전자
'161000,애경유화
'049070,인탑스
'277630,TIGER 코스피
'045100,한양이엔지
'036670,KCI
'053290,NE능률
'094850,참좋은여행
'327260,메탈라이프
'210540,디와이파워
'073540,에프알텍
'171090,선익시스템
'003920,남양유업
'305080,TIGER 미국채10년선물
'100220,비상교육
'006090,사조오양
'002760,보락
'009180,한솔로지스틱스
'294400,KOSEF 200TR
'050760,에스폴리텍
'249420,일동제약
'133820,화인베스틸
'068400,SK렌터카
'196450,디오스텍
'026040,제이에스티나
'263770,유에스티
'031440,신세계푸드
'065510,휴비츠
'126870,뉴로스
'570046,TRUE 인버스 2X 천연가스 선물 ETN(H)
'088910,동우팜투테이블
'060240,룽투코리아
'192400,쿠쿠홀딩스
'003545,대신증권우
'114820,TIGER 국채3년
'008700,아남전자
'002290,삼일기업공사
'104540,코렌텍
'012030,DB
'131100,스카이이앤엠
'182690,테라셈
'220630,해마로푸드서비스
'033320,제이씨현시스템
'096040,이트론
'275980,TIGER 글로벌4차산업혁신기술(합성 H)
'013310,아진산업
'000370,한화손해보험
'001250,GS글로벌
'051980,센트럴바이오
'089790,제이티
'094480,갤럭시아컴즈
'090850,이지웰
'251970,펌텍코리아
'007720,대명소노시즌
'054800,아이디스홀딩스
'013030,하이록코리아
'295820,ARIRANG 200동일가중
'002450,삼익악기
'069660,KOSEF 200
'014130,한익스프레스
'158430,아톤
'052600,한네트
'010050,우리종금
'019550,SBI인베스트먼트
'001140,국보
'220260,켐트로스
'290550,디케이티
'044820,코스맥스비티아이
'245710,KINDEX 베트남VN30(합성)
'053270,구영테크
'900280,골든센츄리
'015590,큐로
'007120,미래아이앤지
'037760,쎄니트
'004060,SG세계물산
'023910,대한약품
'092220,KEC
'023770,플레이위드
'011930,신성이엔지
'284740,쿠쿠홈시스
'064800,젬백스링크
'013870,지엠비코리아
'053450,세코닉스
'122350,삼기오토모티브
'119650,KC코트렐
'016610,DB금융투자
'000490,대동공업
'049630,재영솔루텍
'090470,제이스텍
'329750,TIGER 미국달러단기채권액티브
'141070,맥스로텍
'203780,TIGER 미국나스닥바이오
'017940,E1
'191420,테고사이언스
'014620,성광벤드
'317870,엔바이오니아
'079970,투비소프트
'290740,액트로
'064240,홈캐스트
'114630,우노앤컴퍼니
'054210,이랜텍
'091180,KODEX 자동차
'080000,에스엔유
'105550,트루윈
'222040,코스맥스엔비티
'100130,동국S&C
'139670,키네마스터
'124560,태웅로직스
'009300,삼아제약
'227840,현대코퍼레이션홀딩스
'226320,잇츠한불
'28513K,SK케미칼우
'018000,유니슨
'234100,세원
'003300,한일홀딩스
'003220,대원제약
'092070,디엔에프
'007860,서연
'950170,JTC
'077360,덕산하이메탈
'009810,엔케이물산
'079810,디이엔티
'128820,대성산업
'219550,MP한강
'096240,청담러닝
'104040,대성파인텍
'226340,본느
'089470,HDC현대EP
'015860,일진홀딩스
'020760,일진디스플
'091170,KODEX 은행
'139050,데일리블록체인
'150460,TIGER 중국소비테마
'065650,메디프론
'005945,NH투자증권우
'030720,동원수산
'006040,동원산업
'010280,쌍용정보통신
'225030,TIGER 미국S&P500선물인버스(H)
'007160,사조산업
'032190,다우데이타
'161510,ARIRANG 고배당주
'570045,TRUE 레버리지 천연가스 선물 ETN(H)
'002240,고려제강
'269620,시스웍
'068790,DMS
'002995,금호산업우
'005090,삼광글라스
'171010,램테크놀러지
'570027,TRUE 인버스 2X 유로스탁스50 ETN(H)
'284620,하나금융11호스팩
'225130,KINDEX 골드선물 레버리지(합성 H)
'001200,유진투자증권
'022220,정산애강
'226360,이엑스티
'071950,코아스
'306620,네온테크
'217480,에스디생명공학
'014830,유니드
'002030,아세아
'500003,신한 인버스 WTI원유 선물 ETN(H)
'217500,러셀
'226440,한송네오텍
'080470,성창오토텍
'011330,유니켐
'084690,대상홀딩스
'005030,부산주공
'119830,아이텍
'056700,신화인터텍
'019570,리더스 기술투자
'244580,KODEX 바이오
'003780,진양산업
'002960,한국쉘석유
'005960,동부건설
'147760,마이크로프랜드
'013570,디와이
'500030,신한 인버스 2X 은 선물 ETN(H)
'053610,프로텍
'000520,삼일제약
'214980,KODEX 단기채권PLUS
'254120,자비스
'097955,CJ제일제당 우
'001880,삼호
'272110,케이엔제이
'500051,신한 인버스 2X S&P500 선물 ETN
'013580,계룡건설
'066410,버킷스튜디오
'001780,알루코
'023440,제일제강
'001540,안국약품
'271980,제일약품
'187790,나노
'095910,에스에너지
'138580,비즈니스온
'048830,엔피케이
'014200,광림
'010640,진양폴리
'097870,효성오앤비
'023600,삼보판지
'102260,동성코퍼레이션
'126600,코프라
'900310,컬러레이
'032750,삼진
'044490,태웅
'020120,키다리스튜디오
'012200,계양전기
'098120,마이크로컨텍솔
'014470,부방
'248170,샘표식품
'170920,엘티씨
'033660,아주캐피탈
'011370,서한
'037230,한국팩키지
'225570,넷게임즈
'003960,사조대림
'203450,유니온커뮤니티
'069410,엔텔스
'014820,동원시스템즈
'019685,대교우B
'089890,코세스
'025770,한국정보통신
'025750,한솔홈데코
'266370,KODEX IT
'153490,우리이앤엘
'071320,지역난방공사
'301440,ARIRANG 코스피중형주
'530056,삼성 인버스 2X 금 선물 ETN(H)
'275750,KBSTAR 코스닥150선물인버스
'008250,이건산업
'144620,코오롱머티리얼
'104460,동양피엔에프
'043090,큐브앤컴퍼니
'063760,이엘피
'256630,포인트엔지니어링
'089230,THE E&M
'178780,유테크
'02826K,삼성물산우B
'093920,서원인텍
'120115,코오롱인더우
'001065,JW중외제약우
'006340,대원전선
'058850,KTcs
'000400,롯데손해보험
'016920,카스
'046310,백금T&A
'950180,SNK
'300080,플리토
'145670,KINDEX 인버스
'078860,아이오케이
'109960,에이프로젠 H&G
'234300,에스트래픽
'236350,TIGER 인도니프티50레버리지(합성)
'003570,S&T중공업
'110990,디아이티
'015890,태경산업
'228340,동양파일
'012205,계양전기우
'043610,지니뮤직
'059210,메타바이오메드
'251630,브이원텍
'058610,에스피지
'148250,알엔투테크놀로지
'042040,케이피엠테크
'109740,디에스케이
'108490,로보티즈
'186230,그린플러스
'078000,텔코웨어
'052790,액토즈소프트
'122900,아이마켓코리아
'131220,대한과학
'099520,ITX엠투엠
'002460,화성산업
'004830,덕성
'041460,한국전자인증
'500053,신한 레버리지 천연가스 선물 ETN
'091230,TIGER 반도체
'194370,제이에스코퍼레이션
'029530,신도리코
'101240,씨큐브
'189860,서전기전
'053700,삼보모터스
'037440,희림
'530063,삼성 레버리지 구리 선물 ETN(H)
'004200,고려개발
'182480,TIGER 미국MSCI리츠(합성 H)
'039570,HDC아이콘트롤스
'033530,세종공업
'290120,대유에이피
'041590,젬백스지오
'038060,루멘스
'311390,네오크레마
'319640,TIGER 골드선물(H)
'004440,대림씨엔에스
'052300,W홀딩컴퍼니
'084010,대한제강
'019180,티에이치엔
'193250,와이제이엠게임즈
'297090,씨에스베어링
'238200,비피도
'200250,KOSEF 인도Nifty50(합성)
'003310,대주산업
'261260,KODEX 미국달러선물인버스2X
'241790,오션브릿지
'051630,진양화학
'002300,한국제지
'014710,사조씨푸드
'018310,삼목에스폼
'322180,티라유텍
'070590,한솔인티큐브
'131030,디에이치피코리아
'315930,KODEX Top5PlusTR
'016880,웅진
'033920,무학
'530002,삼성 인버스 China A50 선물 ETN(H)
'101330,모베이스
'115160,휴맥스
'218420,KODEX 미국S&P에너지(합성)
'019660,글로본
'038880,아이에이
'263800,데이타솔루션
'222810,한류AI센터
'078650,코렌
'102460,이연제약
'123570,이엠넷
'049960,쎌바이오텍
'001530,DI동일
'039290,인포뱅크
'204620,글로벌텍스프리
'140670,알에스오토메이션
'019990,에너토크
'269540,ARIRANG 미국S&P500(H)
'001130,대한제분
'147830,제룡산업
'001045,CJ우
'299910,베스파
'030210,KTB투자증권
'095270,웨이브일렉트로
'123410,코리아에프티
'023350,한국종합기술
'010240,흥국
'00088K,한화3우B
'032560,황금에스티
'060310,3S
'052330,코텍
'265560,영화테크
'035510,신세계 I&C
'117730,티로보틱스
'225330,씨엠에스에듀
'005680,삼영전자
'136490,선진
'011040,경동제약
'138040,메리츠금융지주
'278240,KBSTAR 코스닥150선물레버리지
'267790,배럴
'033240,자화전자
'019540,일지테크
'043370,평화정공
'317400,자이에스앤디
'001210,금호전기
'217190,제너셈
'009070,KCTC
'045340,토탈소프트
'089140,넥스턴
'000215,대림산업우
'074430,아미노로직스
'036580,팜스코
'043710,서울리거
'153710,옵티팜
'086670,비엠티
'042600,새로닉스
'000320,노루홀딩스
'123750,알톤스포츠
'281740,레이크머티리얼즈
'036000,예림당
'159650,하이골드8호
'141000,비아트론
'101670,코리아에스이
'054630,에이디칩스
'089530,에이티세미콘
'00499K,롯데지주우
'155660,DSR
'051780,큐로홀딩스
'114120,크루셜텍
'043290,케이맥
'025950,동신건설
'000040,KR모터스
'053690,한미글로벌
'001790,대한제당
'500013,신한 옥수수 선물 ETN(H)
'053060,세동
'002680,한탑
'252500,세화피앤씨
'092600,앤씨앤
'078020,이베스트투자증권
'011560,세보엠이씨
'023890,한국아트라스비엑스
'331910,KOSEF Fn중소형
'080520,오디텍
'204450,KODEX China H 레버리지(H)
'039310,세중
'104700,한국철강
'306200,세아제강
'049120,파인디앤씨
'002170,삼양통상
'530067,삼성 KRX 금현물 ETN
'051360,토비스
'001720,신영증권
'073190,듀오백
'205500,액션스퀘어
'096350,대창솔루션
'042420,네오위즈홀딩스
'076610,해성옵틱스
'090370,메타랩스
'052900,KMH하이텍
'160980,싸이맥스
'010690,화신
'290270,휴네시온
'264900,크라운제과
'122450,KMH
'033170,시그네틱스
'204020,그리티
'096610,알에프세미
'008420,문배철강
'094970,제이엠티
'200880,서연이화
'072990,에이치시티
'197140,디지캡
'208140,정다운
'000480,조선내화
'001750,한양증권
'009440,KC그린홀딩스
'024800,유성티엔에스
'011700,한신기계
'103590,일진전기
'075580,세진중공업
'024950,삼천리자전거
'227100,디자인
'013120,동원개발
'067280,멀티캠퍼스
'217600,켐온
'049080,기가레인
'038460,바이오스마트
'189980,흥국에프엔비
'005990,매일홀딩스
'082640,동양생명
'245340,TIGER 미국다우존스30
'054920,한컴위드
'338100,NH프라임리츠
'052220,iMBC
'217330,싸이토젠
'225190,삼양옵틱스
'063170,서울옥션
'030350,드래곤플라이
'104620,노랑풍선
'092870,엑시콘
'082660,코스나인
'039740,한국정보공학
'138250,엔에스쇼핑
'009200,무림페이퍼
'152870,파워 200
'285490,노바텍
'075970,동국알앤에스
'033560,블루콤
'100030,모바일리더
'950110,SBI핀테크솔루션즈
'011230,삼화전자
'220100,퓨쳐켐
'130580,나이스디앤비
'079370,제우스
'041020,인프라웨어
'214390,경보제약
'012600,청호컴넷
'017480,삼현철강
'138230,KOSEF 미국달러선물
'044060,조광ILI
'102970,KODEX 증권
'009415,태영건설우
'068050,팬엔터테인먼트
'270810,KBSTAR 코스닥150
'00279K,아모레G3우(전환)
'057680,옴니텔
'065710,서호전기
'304660,KODEX 미국채울트라30년선물(H)
'500038,신한 인버스 2X 금 선물 ETN
'054090,삼진엘앤디
'100840,S&TC
'005810,풍산홀딩스
'092780,동양피스톤
'005720,넥센
'008355,남선알미우
'017250,인터엠
'024840,KBI메탈
'040160,누리텔레콤
'225050,TIGER 유로스탁스레버리지(합성 H)
'003830,대한화섬
'014910,성문전자
'085670,뉴프렉스
'100090,삼강엠앤티
'085310,엔케이
'308620,KODEX 미국채10년선물
'092130,이크레더블
'053280,예스24
'190160,ARIRANG 단기유동성
'047560,이스트소프트
'277410,인산가
'004970,신라교역
'058430,포스코강판
'027580,상보
'256750,KODEX 심천ChiNext(합성)
'265690,KINDEX 러시아MSCI(합성)
'080420,모다이노칩
'024090,디씨엠
'169950,KODEX 중국본토 A50
'016710,대성홀딩스
'010770,평화홀딩스
'078140,대봉엘에스
'001380,SG충방
'038340,UCI
'003547,대신증권2우B
'014915,성문전자우
'036010,아비코전자
'002780,진흥기업
'037370,EG
'002870,신풍제지
'306950,KODEX KRX300레버리지
'570022,TRUE 레버리지 S&P500 선물 ETN(H)
'250000,보라티알
'222110,팬젠
'149980,하이로닉
'014190,원익큐브
'016100,리더스코스메틱
'003030,세아제강지주
'106190,하이텍팜
'048870,시너지이노베이션
'177350,베셀
'093240,형지엘리트
'004100,태양금속
'001420,태원물산
'046110,한일네트웍스
'279540,KODEX 최소변동성
'317320,한화에스비아이스팩
'027040,서울전자통신
'015230,대창단조
'007540,샘표
'101530,해태제과식품
'317830,에스피시스템스
'089850,유비벨록스
'075130,플랜티넷
'002690,동일제강
'219750,지티지웰니스
'011785,금호석유우
'530015,삼성 미국 대형 성장주 ETN(H)
'083420,그린케미칼
'117690,TIGER 차이나항셍25
'019490,하이트론
'044450,KSS해운
'016580,환인제약
'181340,이즈미디어
'053050,지에스이
'072710,농심홀딩스
'046210,파나진
'500050,신한 레버리지 S&P500 선물 ETN
'130660,한전산업
'004780,대륙제관
'005190,동성화학
'001570,금양
'530062,삼성 인버스 2X 은 선물 ETN(H)
'059120,아진엑스텍
'066900,디에이피
'093640,다믈멀티미디어
'250930,예선테크
'032080,아즈텍WB
'092300,현우산업
'000105,유한양행우
'121440,골프존뉴딘홀딩스
'227540,TIGER 200 헬스케어
'003120,일성신약
'047770,코데즈컴바인
'006580,대양제지
'500052,신한 FnGuide 5G 테마주 ETN
'046140,SBS콘텐츠허브
'085620,미래에셋생명
'131400,액트
'060280,큐렉소
'139230,TIGER 200 중공업
'078935,GS우
'108380,대양전기공업
'123840,한일진공
'005740,크라운해태홀딩스
'241770,메카로
'012620,원일특강
'114810,아이원스
'114260,KODEX 국고채3년
'095570,AJ네트웍스
'292190,KODEX KRX300
'029480,바른테크놀로지
'217620,디딤
'053160,프리엠스
'009780,엠에스씨
'015710,코콤
'049720,고려신용정보
'032980,바이온
'004560,현대비앤지스틸
'036560,영풍정밀
'004150,한솔홀딩스
'173940,에프엔씨엔터
'570026,TRUE 레버리지 유로스탁스50 ETN(H)
'066360,체리부로
'192390,윈하이텍
'002795,아모레G우
'228790,TIGER 화장품
'213610,KODEX 삼성그룹밸류
'270520,지엔원에너지
'002820,선창산업
'012320,경동인베스트
'287180,ARIRANG 미국나스닥기술주
'000300,대유플러스
'006345,대원전선우
'043260,성호전자
'253590,네오셈
'334700,KBSTAR 팔라듐선물인버스(H)
'159910,스킨앤스킨
'332620,ARIRANG 미국장기우량회사채
'035080,인터파크홀딩스
'001940,KISCO홀딩스
'001020,페이퍼코리아
'000140,하이트진로홀딩스
'042110,에스씨디
'092460,한라IMS
'222980,한국맥널티
'196300,애니젠
'014280,금강공업
'267290,경동도시가스
'258830,세종메디칼
'145270,케이탑리츠
'306520,HANARO 200선물인버스
'014940,오리엔탈정공
'018500,동원금속
'004690,삼천리
'096640,멜파스
'036530,S&T홀딩스
'006740,영풍제지
'204840,지엘팜텍
'056080,유진로봇
'33626K,두산퓨얼셀1우
'021040,대호피앤씨
'004360,세방
'013520,화승알앤에이
'054540,삼영엠텍
'154040,솔루에타
'128660,피제이메탈
'117700,KODEX 건설
'140070,서플러스글로벌
'072950,빛샘전자
'317530,캐리소프트
'002025,코오롱우
'023460,CNH
'214330,금호에이치티
'173130,오파스넷
'101170,우림기계
'246960,이노테라피
'000547,흥국화재2우B
'337140,KODEX 코스피대형주
'108790,인터파크
'049550,잉크테크
'034810,해성산업
'054950,제이브이엠
'101390,아이엠
'005160,동국산업
'252400,KBSTAR 200선물레버리지
'139220,TIGER 200 건설
'071670,에이테크솔루션
'006125,SK디스커버리우
'053300,한국정보인증
'017370,우신시스템
'011420,갤럭시아에스엠
'115500,케이씨에스
'095500,미래나노텍
'137610,TIGER 농산물선물Enhanced(H)
'004700,조광피혁
'000725,현대건설우
'258790,소프트캠프
'033310,디케이디앤아이
'094820,일진파워
'001725,신영증권우
'040420,정상제이엘에스
'001000,신라섬유
'031980,피에스케이홀딩스
'049830,승일
'069730,DSR제강
'161570,THE MIDONG
'234920,자이글
'023760,한국캐피탈
'005670,푸드웰
'002840,미원상사
'007530,영신금속
'277070,린드먼아시아
'017900,광전자
'009970,영원무역홀딩스
'280930,KODEX 미국러셀2000(H)
'009310,참엔지니어링
'011810,STX
'003800,에이스침대
'104200,NHN벅스
'271060,KODEX 3대농산물선물(H)
'016800,퍼시스
'208710,바이오로그디바이스
'005710,대원산업
'065690,파커스
'123330,제닉
'041440,에버다임
'500035,신한 레버리지 미국달러 선물 ETN
'015260,에이엔피
'004380,삼익THK
'283580,KODEX 중국본토CSI300
'222420,쎄노텍
'025880,케이씨피드
'027710,팜스토리
'036090,위지트
'280940,KODEX 골드선물인버스(H)
'253250,KOSEF 200선물레버리지
'071090,하이스틸
'004415,서울식품우
'006140,피제이전자
'051490,나라엠앤디
'009275,신원우
'023450,동남합성
'065350,신성델타테크
'093380,풍강
'079950,인베니아
'039420,케이엘넷
'105010,TIGER 라틴35
'007280,한국특수형강
'058860,KTis
'33626L,두산퓨얼셀2우B
'310200,애니플러스
'109080,옵티시스
'089970,에이피티씨
'950140,잉글우드랩
'152380,KODEX 국채선물10년
'131290,티에스이
'134060,이퓨쳐
'002230,피에스텍
'032940,원익
'243890,TIGER 200에너지화학레버리지
'221840,하이즈항공
'184230,SGA솔루션즈
'275630,에스에스알
'037400,우리조명
'008260,NI스틸
'002880,대유에이텍
'003555,LG우
'017000,신원종합개발
'066620,국보디자인
'167860,KOSEF 국고채10년레버리지
'088130,동아엘텍
'065500,오리엔트정공
'500021,신한 천연가스 선물 ETN(H)
'138690,엘아이에스
'218150,미래생명자원
'228800,TIGER 여행레저
'050090,휘닉스소재
'219900,KINDEX 중국본토CSI300레버리지(합성)
'047080,한빛소프트
'246720,아스타
'039010,현대통신
'082850,우리바이오
'126640,화신정공
'208350,지란지교시큐리티
'292570,TIGER 일본엔선물레버리지
'225800,KOSEF 미국달러선물레버리지
'237350,KODEX 코스피100
'008775,호텔신라우
'024880,케이피에프
'067920,이글루시큐리티
'000680,LS네트웍스
'195930,TIGER 유로스탁스50(합성 H)
'096870,엘디티
'101060,SBS미디어홀딩스
'044780,에이치케이
'053350,이니텍
'313760,윌링스
'208640,썸에이지
'049430,코메론
'069110,코스온
'003680,한성기업
'530032,삼성 Cushing 에너지인프라 MLP ETN
'002810,삼영무역
'143210,핸즈코퍼레이션
'550014,QV 바이오 TOP5 ETN
'093520,매커스
'122090,ARIRANG 코스피50
'011155,CJ씨푸드1우
'049520,유아이엘
'073640,삼원테크
'134790,시디즈
'005010,휴스틸
'004590,한국가구
'084730,팅크웨어
'038620,위즈코프
'206400,엔터메이트
'136510,쎄미시스코
'038010,제일테크노스
'166400,TIGER 200커버드콜5%OTM
'140520,대창스틸
'000180,성창기업지주
'000700,유수홀딩스
'194480,데브시스터즈
'003610,방림
'010400,우진아이엔에스
'008470,부스타
'208860,엔지스테크널러지
'032280,삼일
'035200,프럼파스트
'007690,국도화학
'094840,슈프리마에이치큐
'019770,서연탑메탈
'010420,한솔PNS
'219130,타이거일렉
'196700,웹스
'150900,파수
'064480,브리지텍
'025820,이구산업
'005750,대림B&Co
'078350,한양디지텍
'016090,대현
'048770,TPC
'105330,케이엔더블유
'009160,SIMPAC
'266410,KODEX 필수소비재
'110020,전진바이오팜
'088790,진도
'213630,ARIRANG 미국다우존스고배당주(합성 H)
'006890,태경케미컬
'210780,TIGER 코스피고배당
'065570,삼영이엔씨
'261270,KODEX 미국달러선물인버스
'187220,디티앤씨
'530064,삼성 인버스 2X 구리 선물 ETN(H)
'092200,디아이씨
'006110,삼아알미늄
'001270,부국증권
'054040,한국컴퓨터
'000545,흥국화재우
'570019,TRUE 코스피 양매도 5% OTM ETN
'134380,미원화학
'212560,네오오토
'045510,정원엔시스
'041520,이라이콤
'317770,슈프리마아이디
'001290,상상인증권
'004105,태양금속우
'037350,성도이엔지
'009770,삼정펄프
'107590,미원홀딩스
'168580,KINDEX 중국본토CSI300
'163560,동일고무벨트
'004250,NPC
'114470,KOSEF 국고채3년
'263810,상신전자
'000225,유유제약1우
'006220,제주은행
'225590,패션플랫폼
'263020,디케이앤디
'298770,KODEX 한국대만IT프리미어
'127710,아시아경제
'009680,모토닉
'001080,만호제강
'237750,피앤씨테크
'016450,한세예스24홀딩스
'007330,푸른저축은행
'253290,KBSTAR 헬스케어채권혼합
'071970,STX중공업
'077970,STX엔진
'306530,HANARO 코스닥150선물레버리지
'134580,디엠티
'060380,동양에스텍
'195980,ARIRANG 신흥국MSCI(합성 H)
'005305,롯데칠성우
'024120,KB오토시스
'139280,TIGER 경기방어
'286750,나노브릭
'297570,알로이스
'024890,대원화성
'263860,지니언스
'900120,씨케이에이치
'092440,기신정기
'007770,한일화학
'067830,세이브존I&C
'100250,진양홀딩스
'000850,화천기공
'007340,디티알오토모티브
'002200,수출포장
'000430,대원강업
'172580,하이골드12호
'113810,디젠스
'027970,세하
'276650,KBSTAR 글로벌4차산업IT(합성 H)
'045300,성우테크론
'099140,KODEX China H
'006660,삼성공조
'007590,동방아그로
'064090,에프앤리퍼블릭
'020710,시공테크
'036710,심텍홀딩스
'065770,CS
'069510,에스텍
'329650,KODEX TRF3070
'016385,KG동부제철우
'500009,신한 다우존스지수 선물 ETN(H)
'316300,KINDEX 싱가포르리츠
'098660,에스티오
'279600,미디어젠
'084670,동양고속
'004545,깨끗한나라우
'261070,TIGER 코스닥150바이오테크
'101000,상상인인더스트리
'003080,성보화학
'040610,SG&G
'002920,유성기업
'155900,바다로19호
'003200,일신방직
'053620,태양
'196230,KBSTAR 단기통안채
'024900,덕양산업
'185680,KODEX 미국S&P바이오(합성)
'036620,버추얼텍
'241690,유니테크노
'019440,세아특수강
'110790,크리스에프앤씨
'038390,레드캡투어
'014440,영보화학
'139320,TIGER 금은선물(H)
'270800,KBSTAR KQ고배당
'284430,KODEX 200미국채혼합
'003925,남양유업우
'000500,가온전선
'139250,TIGER 200 에너지화학
'266360,KODEX 미디어&엔터테인먼트
'005745,크라운해태홀딩스우
'276970,KODEX 미국S&P고배당커버드콜(합성 H)
'011300,성안
'032580,피델릭스
'309230,KINDEX 미국WideMoat가치주
'001067,JW중외제약2우B
'307180,아이엘사이언스
'128540,에코캡
'189690,포시에스
'550045,QV 인버스 레버리지 S&P500 ETN
'041650,상신브레이크
'025000,KPX케미칼
'272580,TIGER 단기채권액티브
'260930,씨티케이코스메틱스
'500016,신한 금 선물 ETN(H)
'001745,SK네트웍스우
'140910,에이리츠
'117460,KODEX 에너지화학
'276990,KODEX 글로벌4차산업로보틱스(합성)
'056090,유앤아이
'322400,HANARO e커머스
'001460,BYC
'550058,QV S&P500 VIX S/T 선물 ETN B
'291620,KOSEF 코스닥150선물인버스
'001810,무림SP
'007575,일양약품우
'038110,에코플라스틱
'053260,금강철강
'120030,조선선재
'001620,케이비아이동국실업
'252410,KBSTAR 200선물인버스
'009835,한화솔루션우
'036190,금화피에스시
'268280,미원에스씨
'292500,SMART KRX300
'003650,미창석유
'051390,YW
'018120,진로발효
'101930,인화정공
'008370,원풍
'004565,현대비앤지스틸우
'510010,대신 인버스 2X 니켈선물 ETN(H)
'015020,이스타코
'081580,성우전자
'500017,신한 은 선물 ETN(H)
'500007,신한 인버스 은 선물 ETN(H)
'003460,유화증권
'245350,TIGER 유로스탁스배당30
'117580,대성에너지
'145995,삼양사우
'175140,인포마크
'003465,유화증권우
'004890,동일산업
'304780,HANARO 200선물레버리지
'140710,KODEX 운송
'211270,AP위성
'085810,알티캐스트
'103230,에스앤더블류
'003100,선광
'003075,코오롱글로벌우
'032960,동일기연
'295040,SMART 200TR
'510009,대신 인버스 철광석 선물 ETN(H)
'030960,양지사
'035000,지투알
'115610,이미지스
'277640,TIGER 코스피대형주
'123700,SJM
'190620,KINDEX 단기통안채
'084870,TBH글로벌
'000540,흥국화재
'025890,한국주강
'024910,경창산업
'138910,KODEX 구리선물(H)
'101730,조이맥스
'510005,대신 2X 아연선물 ETN(H)
'26490K,크라운제과우
'083650,비에이치아이
'049470,SGA
'010145,삼성중공우
'067730,로지시스
'090150,광진윈텍
'253240,KOSEF 200선물인버스
'011080,형지I&C
'500040,신한 레버리지 구리 선물 ETN
'291660,KODEX China H선물인버스(H)
'002710,TCC스틸
'276000,TIGER 글로벌자원생산기업(합성 H)
'006880,신송홀딩스
'292050,KBSTAR KRX300
'153270,KOSEF 코스피100
'026910,광진실업
'092230,KPX홀딩스
'500006,신한 인버스 금 선물 ETN(H)
'008110,대동전자
'319870,KBSTAR KRX300미국달러선물혼합
'023960,에쓰씨엔지니어링
'010470,오리콤
'256440,KINDEX 인도네시아MSCI(합성)
'080580,오킨스전자
'237370,KODEX 배당성장채권혼합
'152550,한국ANKOR유전
'001770,신화실업
'073010,케이에스피
'062860,티엘아이
'000590,CS홀딩스
'069920,아이에스이커머스
'002220,한일철강
'307010,KBSTAR KRX300레버리지
'104520,KOSEF 블루칩
'138070,신진에스엠
'039240,경남스틸
'000995,DB하이텍1우
'067770,세진티에스
'024940,PN풍년
'129260,인터지스
'291680,KBSTAR 차이나H선물인버스(H)
'050960,수산아이앤티
'002787,진흥기업2우B
'080010,이상네트웍스
'071850,캐스텍코리아
'261200,하나금융9호스팩
'291630,KOSEF 코스닥150선물레버리지
'500010,신한 인버스 다우존스지수 선물 ETN(H)
'049800,우진플라임
'174360,KBSTAR 중국본토대형주CSI100
'500041,신한 인버스 2X 구리 선물 ETN
'096300,베트남개발1
'024070,WISCOM
'138540,TIGER 현대차그룹+펀더멘털
'550041,QV 미국 IT TOP5 ETN(H)
'273060,엔에이치스팩12호
'003535,한화투자증권우
'006805,미래에셋대우우
'079170,한창산업
'570042,TRUE 인버스 나스닥 100 ETN
'002785,진흥기업우B
'171120,라이온켐텍
'000230,일동홀딩스
'066670,디스플레이텍
'227610,아우딘퓨쳐스
'115310,인포바인
'138920,KODEX 콩선물(H)
'292150,TIGER TOP10
'261110,TIGER 미국달러선물레버리지
'002420,세기상사
'153460,네이블
'038950,파인디지털
'108675,LG하우시스우
'093190,빅솔론
'168490,한국패러랠
'329560,상상인이안제2호스팩
'149950,아바텍
'023790,동일철강
'267490,KBSTAR 미국장기국채선물레버리지(합성 H)
'00806K,대덕전자1우
'131180,딜리
'004840,DRB동일
'001070,대한방직
'039020,이건홀딩스
'245360,TIGER 차이나HSCEI
'018470,조일알미늄
'530012,삼성 화학 테마주 ETN
'013720,청보산업
'121850,코이즈
'001515,SK증권우
'140580,KBSTAR 우량업종
'034590,인천도시가스
'300950,KODEX 게임산업
'004080,신흥
'315960,KBSTAR 대형고배당10TR
'019010,베뉴지
'500022,신한 인버스 천연가스 선물 ETN(H)
'196030,KINDEX 일본TOPIX레버리지(H)
'004255,NPC우
'075180,새론오토모티브
'570025,TRUE 인버스 유로스탁스50 ETN(H) B
'280320,KINDEX 미국4차산업인터넷(합성 H)
'331380,유진스팩5호
'530016,삼성 미국 대형 가치주 ETN(H)
'230480,KOSEF 미국달러선물인버스2X
'307510,TIGER 의료기기
'261140,TIGER 우선주
'500014,신한 인버스 옥수수 선물 ETN(H)
'261060,TIGER 코스닥150IT
'320000,하나금융13호스팩
'304770,HANARO 코스닥150
'023810,인팩
'005800,신영와코루
'153360,하이골드3호
'109860,동일금속
'003475,유안타증권우
'277540,KINDEX S&P아시아TOP50
'002600,조흥
'006570,대림통상
'020400,대동금속
'261120,TIGER 미국달러선물인버스2X
'111110,호전실업
'001685,대상우
'136340,KBSTAR 중기우량회사채
'006370,대구백화점
'001525,동양우
'014285,금강공업우
'317240,하이제4호스팩
'252730,KBSTAR 모멘텀로우볼
'248270,TIGER S&P글로벌헬스케어(합성)
'000325,노루홀딩스우
'088390,이녹스
'009140,경인전자
'226400,오스테오닉
'228810,TIGER 미디어컨텐츠
'510003,대신 니켈선물 ETN(H)
'008870,금비
'204210,모두투어리츠
'319400,엔에이치스팩14호
'058650,세아홀딩스
'302190,TIGER 중장기국채
'002355,넥센타이어1우B
'323940,케이비제18호스팩
'004450,삼화왕관
'015350,부산가스
'160580,TIGER 구리실물
'021045,대호피앤씨우
'333050,신한제6호스팩
'076080,웰크론한텍
'239660,ARIRANG 우량회사채50 1년
'267440,KBSTAR 미국장기국채선물(H)
'251590,ARIRANG 고배당저변동50
'322780,DB금융스팩7호
'000087,하이트진로2우B
'000145,하이트진로홀딩스우
'332290,대신밸런스제7호스팩
'237440,TIGER 경기방어채권혼합
'900070,글로벌에스엠
'015360,예스코홀딩스
'059100,아이컴포넌트
'054410,케이피티유
'102960,KODEX 기계장비
'000650,천일고속
'001560,제일연마
'346000,HANARO KAP초장기국고채
'101280,KODEX 일본TOPIX100
'530019,삼성 미국 대형 성장주 ETN
'329670,KODEX TRF7030
'130740,티피씨글로벌
'023000,삼원강재
'122690,서진오토모티브
'187270,신화콘텍
'037710,광주신세계
'321260,유진스팩4호
'292160,TIGER KRX300
'117680,KODEX 철강
'263190,ARIRANG 단기우량채권
'098560,TIGER 방송통신
'008830,대동기어
'104530,KOSEF 고배당
'227830,ARIRANG 코스피
'000157,두산2우B
'213090,미래테크놀로지
'289670,ARIRANG 국채선물10년
'069640,한세엠케이
'006200,한국전자홀딩스
'079000,와토스코리아
'264850,이랜시스
'302450,KBSTAR 코스피
'091220,TIGER 은행
'032540,TJ미디어
'253280,KBSTAR 헬스케어
'301400,ARIRANG 코스닥150
'085910,네오티스
'087600,픽셀플러스
'000227,유유제약2우B
'182490,TIGER 단기선진하이일드(합성 H)
'323230,신한제5호스팩
'017390,서울가스
'005257,녹십자홀딩스2우
'000075,삼양홀딩스우
'310960,TIGER 200TR
'317030,케이비17호스팩
'000760,이화산업
'043360,디지아이
'001275,부국증권우
'195970,ARIRANG 선진국MSCI(합성 H)
'227570,TIGER 우량가치
'001465,BYC우
'292590,TIGER 일본엔선물인버스2X
'181480,KINDEX 미국다우존스리츠(합성 H)
'007815,코리아써우
'342550,케이비제20호스팩
'590011,미래에셋 인버스 S&P500 ETN(H)
'223190,KODEX 200가치저변동
'200030,KODEX 미국S&P산업재(합성)
'285000,KBSTAR 200IT
'028080,휴맥스홀딩스
'221980,케이디켐
'500018,신한 구리 선물 ETN(H)
'307020,KBSTAR KRX300선물인버스
'226980,KODEX 200 중소형
'025530,SJM홀딩스
'337160,KODEX 200ESG
'291230,삼성스팩2호
'229720,KODEX KTOP30
'014825,동원시스템즈우
'225060,TIGER 이머징마켓MSCI레버리지(합성 H)
'241180,TIGER 일본니케이225
'530023,삼성 레버리지 China A50 선물 ETN(H)
'530018,삼성 미국 중소형 가치주 ETN(H)
'306960,KODEX KRX300선물인버스
'139240,TIGER 200 철강소재
'024850,피에스엠씨
'139270,TIGER 200 금융
'105780,KBSTAR 5대그룹주
'005820,원림
'266160,KBSTAR 고배당
'001795,대한제당우
'008500,일정실업
'001527,동양2우B
'332500,KINDEX 200TR
'291130,KINDEX 멕시코MSCI(합성)
'005965,동부건설우
'287330,KBSTAR 200생활소비재
'176950,KODEX 국채선물10년인버스
'211900,KODEX 배당성장
'157500,TIGER 증권
'211560,TIGER 배당성장
'253990,TIGER 대만TAIEX선물(H)
'570032,TRUE 인버스 2X HSCEI ETN(H)
'000950,전방
'256450,ARIRANG 심천차이넥스트(합성)
'228820,TIGER KTOP30
'307750,대신밸런스제6호스팩
'279410,한화에이스스팩4호
'307070,SK4호스팩
'277650,TIGER 코스피중형주
'500023,신한 콩 선물 ETN(H)
'138520,TIGER 삼성그룹펀더멘털
'100910,KOSEF KRX100
'227560,TIGER 200 생활소비재
'189400,ARIRANG 글로벌MSCI(합성 H)
'217790,TIGER 가격조정
'267500,KBSTAR 미국장기국채선물인버스2X(합성 H)
'292580,TIGER 일본엔선물인버스
'140700,KODEX 보험
'309930,삼성머스트스팩3호
'292560,TIGER 일본엔선물
'550055,QV 인버스 레버리지 MSCI 선진국 ETN
'330990,케이비제19호스팩
'276920,IBKS제7호스팩
'570031,TRUE 레버리지 HSCEI ETN(H)
'530005,삼성 바이오 테마주 ETN
'108450,KINDEX 삼성그룹섹터가중
'329660,KODEX TRF5050
'530033,삼성 Alerian 에너지인프라 MLP ETN
'244620,KODEX 모멘텀Plus
'001755,한양증권우
'530022,삼성 미국 중소형 가치주 ETN
'307610,TIGER KRX300레버리지
'114100,KBSTAR 국고채3년
'195920,TIGER 일본TOPIX(합성 H)
'550015,QV 제약 TOP5 ETN
'247780,KODEX 가치투자
'323280,신영스팩5호
'247800,KODEX 턴어라운드투자
'500036,신한 인버스 2X 미국달러 선물 ETN
'282690,동아타이어
'238670,ARIRANG 스마트베타Quality채권혼합
'530020,삼성 미국 대형 가치주 ETN
'335890,IBKS제11호스팩
'340440,한화플러스제1호스팩
'336570,대신밸런스제8호스팩
'321410,KODEX 멀티에셋하이인컴(H)
'337450,SK5호스팩
'139290,TIGER 200 경기소비재
'252650,KODEX 200동일가중
'520003,미래에셋 원자재 선물 ETN(H)
'325020,KODEX 배당가치
'510008,대신 철광석 선물 ETN(H)
'260270,KOSEF 저PBR가중
'550053,QV 인버스 MSCI 선진국 ETN
'500002,신한 USD K200 선물 바이셀 ETN
'590009,미래에셋 미국 항공우주 ETN(H)
'174350,TIGER 로우볼
'590010,미래에셋 레버리지 S&P500 ETN(H)
'309210,ARIRANG KRX300헬스케어
'520007,미래에셋 인버스 에너지화학 Core5 ETN
'143460,KINDEX 밸류대형
'500011,신한 달러인덱스 선물 ETN(H)
'510002,대신 아연선물 ETN(H)
'196220,KBSTAR 일본TOPIX레버리지(H)
'269530,ARIRANG S&P글로벌인프라
'192720,파워 고배당저변동성
'307620,TIGER KRX300선물인버스
'340350,SK6호스팩
'550012,QV 의료 TOP5 ETN
'281990,KBSTAR 중소형고배당
'520012,미래에셋 호주 ASX200 ETN(H)
'292130,TIGER 중소형성장
'590018,미래에셋 중국 심천 100 ETN
'248260,TIGER 일본TOPIX헬스케어(합성)
'284980,KBSTAR 200금융
'309180,ARIRANG KRX300금융
'296710,KODEX FnKorea50
'315270,TIGER 200커뮤니케이션서비스
'344050,신영스팩6호
'550044,QV 레버리지 S&P500 ETN
'307280,교보8호스팩
'328380,미래에셋대우스팩3호
'084695,대상홀딩스우
'278620,ARIRANG 단기채권액티브
'300640,KBSTAR 게임테마
'241390,KBSTAR V&S셀렉트밸류채권혼합
'332610,ARIRANG 미국단기우량회사채
'272910,KINDEX 중장기국공채액티브
'335870,IBKS제12호스팩
'139660,KOSEF 미국달러선물인버스
'168300,KTOP 코스피50
'307160,하나머스트제6호스팩
'250730,KBSTAR 차이나HSCEI(H)
'315480,KBSTAR 200커뮤니케이션서비스
'266550,ARIRANG 중형주저변동50
'138530,TIGER LG그룹+펀더멘털
'033200,모아텍
'530003,삼성 모멘텀 탑픽 ETN
'266390,KODEX 경기소비재
'001529,동양3우B
'310870,한국제8호스팩
'238720,KINDEX 일본Nikkei225(H)
'298340,ARIRANG 국채선물3년
'340120,하이제5호스팩
'332930,HANARO 200TR
'510011,대신 골드 커버드콜 타겟 5%인컴 ETN(H)
'269420,KODEX S&P글로벌인프라(합성)
'310840,엔에이치스팩13호
'326240,KBSTAR IT플러스
'322410,HANARO 고배당
'267450,KBSTAR 미국장기국채선물인버스(H)
'300610,TIGER K게임
'277480,신한제4호스팩
'550008,QV 소프트웨어 TOP5 ETN
'570020,TRUE 코스피 커버드콜 ETN B
'140950,파워 코스피100
'305050,KINDEX 코스피
'325010,KODEX Fn성장
'326230,KBSTAR 내수주플러스
'108590,TREX 200
'333430,미래에셋대우스팩4호
'220130,SMART 중국본토 중소형 CSI500(합성 H)
'289480,TIGER 200커버드콜ATM
'291890,KODEX MSCI EM선물(H)
'304670,KODEX 미국채울트라30년선물인버스(H)
'500024,신한 인버스 콩 선물 ETN(H)
'500008,신한 인버스 구리 선물 ETN(H)
'272570,KBSTAR 중장기국공채액티브
'152280,KOSEF 200 선물
'131890,KINDEX 삼성그룹동일가중
'261920,KINDEX 필리핀MSCI(합성)
'314700,HANARO 농업융복합산업
'290080,KBSTAR 200고배당커버드콜ATM
'139310,TIGER 금속선물(H)
'208470,SMART 선진국MSCI World(합성 H)
'183700,KBSTAR 채권혼합
'309170,ARIRANG KRX300IT
'222200,ARIRANG 스마트베타 Quality
'211260,KINDEX 배당성장
'251600,ARIRANG 고배당주채권혼합
'275540,파워 스마트밸류
'336160,KBSTAR 금융채액티브
'260200,KOSEF 배당바이백Plus
'282000,KBSTAR 국고채3년선물인버스
'252720,KBSTAR 모멘텀밸류
'316670,KOSEF 코스닥150
'147970,TIGER 모멘텀
'520006,미래에셋 에너지화학 Core5 ETN
'550054,QV 레버리지 MSCI 선진국 ETN
'332940,HANARO MSCI Korea TR
'530017,삼성 미국 중소형 성장주 ETN(H)
'333980,ARIRANG KS퀄리티가중TR
'227550,TIGER 200 산업재
'328370,ARIRANG 코스피TR
'333950,ARIRANG KS로우사이즈가중TR
'234310,KBSTAR V&S셀렉트밸류
'333960,ARIRANG KS모멘텀가중TR
'333970,ARIRANG KS밸류가중TR
'342500,KBSTAR KRX국채선물3년10년스티프너
'333940,ARIRANG KS로우볼가중TR
'510006,대신 인버스 니켈선물 ETN(H)
'309190,ARIRANG KRX300산업재
'269370,TIGER S&P글로벌인프라(합성)
'236460,ARIRANG 스마트베타 LowVOL
'323210,이베스트이안스팩1호
'510004,대신 인버스 아연선물 ETN(H)
'292750,ARIRANG KRX300
'222180,ARIRANG 스마트베타 Value
'342600,KBSTAR KRX국채선물3년10년스티프너2X
'226380,KINDEX 한류
'244670,KODEX 밸류Plus
'313750,유안타제4호스팩
'280920,ARIRANG 주도업종
'530006,삼성 음식료 테마주 ETN
'295020,KBSTAR 국채선물10년인버스
'590016,미래에셋 미국 헬스케어 ETN(H)
'247790,KODEX 성장투자
'311270,키움제5호스팩
'342610,KBSTAR KRX국채선물3년10년플래트너
'310080,KBSTAR 중국MSCI China선물(H)
'342620,KBSTAR KRX국채선물3년10년플래트너2X
'291210,한국제7호스팩
'337150,KODEX 200exTOP
'004365,세방우
'292340,마이티 200커버드콜ATM레버리지
'302210,TIGER 중장기국채선물인버스2X
'278420,ARIRANG ESG우수기업
'156080,KODEX MSCI Korea
'275290,KODEX MSCI밸류
'08537M,루트로닉3우C
'272220,KINDEX 스마트모멘텀
'322120,KINDEX 스마트퀄리티
'342140,KINDEX 모닝스타싱가포르리츠채권혼합
'222190,ARIRANG 스마트베타 Momentum
'322130,KINDEX 스마트로우볼
'287410,유안타제3호스팩
'114460,KINDEX 중기국고채
'309200,ARIRANG KRX300자유소비재
'530060,삼성 코스피 양매도 5% OTM ETN
'580008,KB 코스피 양매도 5% OTM ETN
'500043,신한 코스피 콘도르 4/10% 콜 2204-01 ETN
'292140,TIGER 중소형가치
'322150,KINDEX 스마트하이베타
'272230,KINDEX 스마트밸류
'570021,TRUE 코스피 커버드풋 ETN B
'570035,TRUE 레버리지 엔선물 ETN B
'289250,TIGER MSCI KOREA ESG유니버설
'140570,KBSTAR 수출주
'183710,KBSTAR 주식혼합
'520005,미래에셋 인버스 전기전자 Core5 ETN
'590012,미래에셋 글로벌 리츠 ETN(H)
'00781K,코리아써키트2우B
'500012,신한 인버스 달러인덱스 선물 ETN(H)
'300310,KBSTAR KQ모멘텀밸류
'005725,넥센우
'275300,KODEX MSCI퀄리티
'244660,KODEX 퀄리티Plus
'500049,신한 코스피 월별 양매도 5% 콜 2206-1 ETN
'097750,TREX 중소형가치
'500048,신한 코스피 월별 양매도 3% 콜 2206-1 ETN
'340360,유안타제6호스팩
'570037,TRUE 유로선물 ETN B
'299080,KINDEX 국채선물3년인버스
'289260,TIGER MSCI KOREA ESG리더스
'291610,KOSEF 코스닥150선물
'285020,KBSTAR 200철강소재
'287320,KBSTAR 200산업재
'285010,KBSTAR 200중공업
'341160,하나금융15호스팩
'292110,TIGER 대형가치
'590003,미래에셋 유럽 대형주 ETN(H)
'287310,KBSTAR 200경기소비재
'281410,한국제6호스팩
'550007,QV 조선 TOP5 ETN
'300280,KBSTAR 중소형모멘텀로우볼
'287300,KBSTAR 200건설
'300300,KBSTAR KQ모멘텀로우볼
'292100,TIGER 대형성장
'290130,KBSTAR ESG사회책임투자
'275280,KODEX MSCI모멘텀
'590017,미래에셋 미국 고배당주 ETN(H)
'590007,미래에셋 미국 대형주 ETN(H)
'570003,TRUE 빅5 동일가중 ETN
'299170,IBKS제10호스팩
'300290,KBSTAR 중소형모멘텀밸류
'284990,KBSTAR 200에너지화학
'307870,상상인이안1호스팩
'530004,삼성 화장품 테마주 ETN
'283930,KBSTAR 지주회사
'304760,HANARO KRX300
'570028,TRUE 인버스 HSCEI ETN(H) B
'266140,TIGER 지속배당
'500044,신한 코스피 콘도르 6/10% 콜 2204-01 ETN
'292120,TIGER 중소형
'307520,TIGER 지주회사
'285690,FOCUS ESG리더스
'145850,TREX 펀더멘탈 200
'215620,흥국 S&P코리아로우볼
'292730,FOCUS KRX300
'252000,TIGER 200동일가중
'570008,TRUE 섹터탑픽 ETN
'580007,KB KQ 우량주30 ETN
'251890,KINDEX 코스닥(합성)
'570030,TRUE 코스피 양매도 ATM ETN
'500001,신한 K200 USD 선물 바이셀 ETN
'550013,QV 화학 TOP5 ETN
'570009,TRUE 코리아프리미어 ETN
'550005,QV 에너지 TOP5 ETN
'530009,삼성 증권 테마주 ETN
'347140,케이프이에스제4호
'590008,미래에셋 미국 중형주 ETN(H)
'590005,미래에셋 일본 대형주 ETN(H)
'267300,TIGER 코스닥150로우볼
'590006,미래에셋 일본 중형주 ETN(H)
'500042,신한 코스피 콘도르 6/10% ETN
'580010,KB Wise 분할매매 ETN
'336060,유안타제5호스팩
'900080,에스앤씨엔진그룹
'900110,이스트아시아홀딩스
'003280,흥아해운
'005450,신한
'007630,폴루스바이오팜
'008800,행남사
'010580,지코
'011690,유양디앤유
'012170,키위미디어그룹
'014100,메디앙스
'021820,세원정공
'024830,세원물산
'028040,미래SCI
'030270,에스마크
'032790,엠젠플러스
'033110,코너스톤네트웍스
'033430,디에스티
'033600,럭슬
'033790,스카이문스테크놀로지
'035290,더블유에프엠
'036180,에이프런티어
'036260,이매진아시아
'038160,팍스넷
'039230,에이아이비트
'039670,한류타임즈
'043100,솔고바이오
'043590,크로바하이텍
'043650,국순당
'044180,KD
'044380,주연테크
'046070,코다코
'049180,셀루메드
'050320,에이앤티앤
'050540,한국코퍼레이션
'052190,이에스에이
'052400,코나아이
'052770,아이톡시
'053660,현진소재
'054220,비츠로시스
'054340,피앤텔
'056730,포스링크
'058220,아리온
'058420,제이웨이
'060300,레드로버
'064510,에코마이스터
'064520,바른전자
'065150,MP그룹
'065420,에스아이리소스
'065560,녹원씨엔아이
'065620,제낙스
'065940,바이오빌
'066110,한프
'066790,씨씨에스
'069330,유아이디
'069540,라이트론
'073570,WI
'078940,코드네이처
'079190,EMW
'080440,에스제이케이
'080530,코디
'083370,동북아12호
'083380,동북아13호
'083470,KJ프리텍
'083660,CSA 코스믹
'087730,에스모 머티리얼즈
'094190,이엘케이
'101680,한국정밀기계
'102210,해덕파워웨이
'103130,웅진에너지
'106080,하이소닉
'108860,셀바스AI
'109070,컨버즈
'111820,지와이커머스
'112240,에스에프씨
'114190,강원
'114570,지스마트글로벌
'115530,씨엔플러스
'121890,에스디시스템
'134780,화진
'137930,마이다스 200커버드콜5%OTM
'138360,에이씨티
'141020,포티스
'145210,세화아이엠씨
'149940,모다
'156100,엘앤케이바이오
'158310,스타모빌리티
'159800,마이티 코스피100
'160600,이큐셀
'168330,내츄럴엔도텍
'170350,TIGER 베타플러스
'176440,에이치엔티
'176710,파워 중기국고채
'180400,캔서롭
'192410,감마누
'194510,파티게임즈
'195440,퓨전
'197210,리드
'204990,코썬바이오
'211210,마이티 코스피고배당
'214370,케어젠
'221610,자안
'223310,이에스브이
'226350,아이엠텍
'263540,샘코
'273140,KODEX 단기변동금리부채권액티브
'289040,KODEX MSCI KOREA ESG유니버설
'292770,KODEX 국채선물3년인버스
'299070,KINDEX 국채선물10년인버스
'302170,TIGER 국채선물3년인버스
'302180,TIGER 국채선물10년인버스
'302200,TIGER 중장기국채선물인버스
'306540,HANARO 단기통안채
'331520,교보9호스팩
'332710,하나금융14호스팩
'339950,엔에이치스팩15호
'950160,코오롱티슈진
'500039,신한 코스피 콘도르 4/10% ETN
'500046,신한 코스피 월별 양매도 3% OTM ETN
'500047,신한 코스피 월별 양매도 5% OTM ETN
'500025,신한 MSCI 인도네시아 선물 ETN(H)
'500026,신한 인버스 MSCI 인도네시아 선물 ETN(H)
'520004,미래에셋 전기전자 Core5 ETN
'520013,미래에셋 Q150 Core5 ETN
'520014,미래에셋 미디어엔터 Core5 ETN
'520015,미래에셋 인버스 미디어엔터 Core5 ETN
'520026,미래에셋 코스피 양매도 5% OTM ETN
'520020,미래에셋 미국 시니어론 100 ETN(H)
'520021,미래에셋 미국 시니어론 100 ETN
'530007,삼성 레저 테마주 ETN
'530008,삼성 미디어 테마주 ETN
'530010,삼성 건축자재 테마주 ETN
'530011,삼성 온라인쇼핑 테마주 ETN
'530053,삼성 코스피 풋매도 ETN
'530066,삼성 코스피 풋매도 4% OTM ETN
'530021,삼성 미국 중소형 성장주 ETN
'530031,삼성 레버리지 WTI원유 선물 ETN
'530014,삼성 China A50 선물 ETN(H)
'550001,QV Big Vol ETN
'550002,QV WISE 배당 ETN
'550004,QV 롱숏 K150 매수 로우볼 매도 ETN
'550006,QV 내수소비 TOP5 ETN
'550009,QV 하드웨어 TOP5 ETN
'550010,QV 운송 TOP5 ETN
'550011,QV 자동차 TOP5 ETN
'550016,QV 건설 TOP5 ETN
'550026,QV KTOP30 ETN
'550033,QV 스마트리밸런싱 260/4 ETN
'550046,QV 레버리지 10년 국채선물 ETN
'550047,QV 인버스 레버리지 10년 국채선물 ETN
'550056,QV 코스피 양매도 5% OTM ETN
'550057,QV 코스피 변동성 매칭형 양매도 ETN
'550052,QV MSCI 선진국 ETN
'550042,QV 레버리지 WTI원유 선물 ETN(H)
'550018,QV CHINEXT ETN(H)
'570024,TRUE 코스피 타겟볼20 ETN
'570029,TRUE 코스피 양매도 3% OTM ETN
'570038,TRUE 인버스 유로선물 ETN B
'570034,TRUE 엔선물 ETN B
'570036,TRUE 인버스 엔선물 ETN B
'580006,KB KTOP30 ETN
'580009,KB 코스피 마운틴 ETN
'590013,미래에셋 미국 리츠 ETN(H)
'590004,미래에셋 유럽 중형주 ETN(H)
'700001,하나 코스피 변동성추세 추종 양매도 ETN
'900040,차이나그레이트
'900100,뉴프라이드
